{"action": 0, "reward": 0.49093321166481463, "state": 0, "CPU utilization": 0.0045229885057470965, "Replicas": 1, "_timestamp": 1692214075.0144508, "_runtime": 464.4900748729706, "_step": 6, "_wandb": {"runtime": 475}}