interval,time
2,2.3292193749999996
2,2.1351074170000004
2,1.1859491660000003
2,0.12657537499999982
2,0.11140145899999965
