{"action": 1, "reward": -90.65460029917014, "state": 0, "CPU utilization": 0.004683908045977064, "Replicas": 3, "_timestamp": 1692213514.7700589, "_runtime": 188.88230395317078, "_step": 2, "_wandb": {"runtime": 193}}